pair,n_source,n_target,overlap_fraction,noise_sigma_m,tx,ty,tz,qw,qx,qy,qz,relative_yaw_deg,relative_trans_m
pair0,3158,2649,0.619805,0.0000,2.070552,7.727407,0.000000,-0.342020,0.000000,0.000000,0.939693,140.000,8.000
pair1,3158,2649,0.619805,0.0100,2.070552,7.727407,0.000000,-0.342020,0.000000,0.000000,0.939693,140.000,8.000
pair2,3158,1496,0.334672,0.0100,2.070552,7.727407,0.000000,-0.342020,0.000000,0.000000,0.939693,140.000,8.000
