camera,mount_x_m,mount_y_m,mount_z_m,tilt_deg,m00,m01,m02,m10,m11,m12,m20,m21,m22
front,2.000000,0.000000,0.600000,45.0,0.00000000,-1.00000000,0.00000000,-0.70710678,0.00000000,-0.70710678,0.70710678,0.00000000,-0.70710678
left,0.000000,1.000000,1.100000,45.0,1.00000000,0.00000000,0.00000000,0.00000000,-0.70710678,-0.70710678,0.00000000,0.70710678,-0.70710678
right,0.000000,-1.000000,1.100000,45.0,-1.00000000,0.00000000,0.00000000,0.00000000,0.70710678,-0.70710678,0.00000000,-0.70710678,-0.70710678
rear,-2.000000,0.000000,0.600000,45.0,0.00000000,1.00000000,0.00000000,0.70710678,0.00000000,-0.70710678,-0.70710678,0.00000000,-0.70710678
