fx,fy,cx,cy
305.000000,295.000000,159.500000,119.500000
