view_index,name,yaw_deg,pitch_deg,roll_deg,depth_m,R00,R01,R02,R10,R11,R12,R20,R21,R22,t0,t1,t2
0,frontal_near,0.00,0.00,0.00,0.3000,1.00000000,0.00000000,0.00000000,0.00000000,1.00000000,0.00000000,0.00000000,0.00000000,1.00000000,-0.12000000,-0.09000000,0.30000000
1,frontal_far,3.00,2.00,0.00,0.3350,0.99862953,0.00000000,0.05233596,0.00182650,0.99939083,-0.03485167,-0.05230407,0.03489950,0.99802120,-0.11983554,-0.09016435,0.33813553
2,yaw_left,-5.00,0.00,0.00,0.3000,0.99619470,0.00000000,-0.08715574,0.00000000,1.00000000,0.00000000,0.08715574,0.00000000,0.99619470,-0.11954336,-0.09000000,0.28954131
3,yaw_right,5.00,0.00,0.00,0.3000,0.99619470,0.00000000,0.08715574,0.00000000,1.00000000,0.00000000,-0.08715574,0.00000000,0.99619470,-0.11954336,-0.09000000,0.31045869
4,pitch_down,0.00,5.00,0.00,0.3000,1.00000000,0.00000000,0.00000000,0.00000000,0.99619470,-0.08715574,0.00000000,0.08715574,0.99619470,-0.12000000,-0.08965752,0.29215598
5,rolled,2.00,-2.00,26.00,0.3000,0.89878045,-0.43810410,0.01607785,0.43700939,0.89824653,0.04664728,-0.03487824,-0.03489950,0.99878203,-0.06842428,-0.13328331,0.30732634
6,ambiguity_180,0.00,0.00,180.00,0.3000,-1.00000000,-0.00000000,0.00000000,0.00000000,-1.00000000,0.00000000,0.00000000,0.00000000,1.00000000,0.12000000,0.09000000,0.30000000
7,occluded,10.00,-6.00,10.00,0.3000,0.97299823,-0.17269691,0.15313465,0.15313465,0.97941287,0.13153023,-0.17269691,-0.10452846,0.97941287,-0.10121707,-0.10652332,0.33013119
