tag_index,dict_id,corner0_x,corner0_y,corner1_x,corner1_y,corner2_x,corner2_y,corner3_x,corner3_y,R00,R01,R02,R10,R11,R12,R20,R21,R22,t0,t1,t2
0,2,57.8033,82.3680,126.7921,68.4292,146.3646,126.8630,76.1194,144.5868,0.91497616,0.34561244,-0.20825624,-0.29154440,0.92305221,0.25095117,0.27896323,-0.16889839,0.94533214,-0.32257315,-0.17583271,0.82443424
1,6,239.5941,46.1330,304.3758,109.3668,253.0905,176.9952,180.8795,114.1187,0.73879648,-0.59355275,-0.31917847,0.63392340,0.77280597,0.03020023,0.22873760,-0.22464652,0.94721331,0.01178143,-0.11685129,0.60232315
2,9,351.7208,101.7697,417.4074,84.2322,441.6155,141.0967,370.4894,158.0767,0.95836051,0.15976946,0.23668303,-0.23341869,0.91575173,0.32697781,-0.16450182,-0.36860886,0.91491347,0.37427303,-0.14269725,0.84567085
3,10,55.6075,228.0141,127.9219,198.7977,146.3585,285.6146,67.3858,313.4653,0.91842128,0.29543696,0.26309573,-0.35878147,0.90222163,0.23931567,-0.16666796,-0.31418647,0.93461685,-0.25495403,0.13635553,0.63160774
4,31,195.1646,219.1268,262.2549,202.6365,273.7048,265.8888,209.3635,284.3161,0.95493712,0.18434010,-0.23262380,-0.21820011,0.96731535,-0.12918871,0.20120591,0.17412563,0.96394836,-0.00844323,0.14893814,0.81618969
5,5,322.8949,227.1847,401.0292,208.6069,431.3300,291.5951,348.3445,312.4148,0.97379955,0.22696882,0.01412775,-0.22223788,0.93664960,0.27073577,0.04821583,-0.26678210,0.96255002,0.25855951,0.15006839,0.66450264
