# pfn_lite_weights.csv -- FIXED (not trained), seed 42, project 02.19
# row = one output channel: w0,w1,...,w8,bias  (9 input-feature weights + 1 bias)
-0.00784950,-0.00488413,0.14710804,-0.04039179,0.11393092,-0.28659469,-0.04952694,0.08055423,0.03810219,0.01658880
0.00452307,0.00765642,0.04908458,-0.14539968,0.04975110,0.23272106,0.00144044,-0.04162905,0.17625566,-0.08797666
0.00146132,0.00132946,0.08759881,-0.00096005,-0.25124626,0.29404902,-0.25227619,0.19610519,-0.03367869,0.02643364
0.00790717,-0.00306386,-0.15377930,-0.18814985,-0.09163275,0.08579029,-0.15106553,0.17765738,0.07064139,-0.05517676
